Rajib,34
Tania0,46
Lamia21,21
Sami2,21
Tasnim3,65
Mahi4,27
Kawsar5,48
Ritu6,56
Riyad7,58
Adnan8,31
Zubair9,29
Muntasir210,37
Mariam211,66
Tanvir212,27
Priti13,22
Sadia14,62
Shihab15,40
Mariam16,18
Esha17,18
Fahim18,49
Imran19,48
Shuvo20,55
Noman221,50
Borna222,54
Tania23,41
Anik24,45
Ovi225,40
Nusrat226,67
Esha27,58
Sami28,62
Mariam29,50
Noman30,45
Shila31,58
Shanto32,69
Sohana33,20
Mahi34,30
Faria35,21
Tasnim236,33
Kawsar37,31
Noman38,50
Mahfuz239,30
Ayan240,24
Karim41,37
Mahi242,31
Mahi243,23
Rahim44,30
Jannat245,49
Shihab246,20
Rina47,30
Arafat248,62
Ritu49,55
Arafat250,69
Rakib251,69
Borna252,44
Rafi53,19
Imran254,28
Riyad255,42
Esha256,51
Shihab257,45
Faria258,68
Tawsif59,19
Priti60,59
Nafisa261,38
Arif262,58
Rafi263,63
Priti264,28
Noman65,26
Faria66,46
Farhan267,44
Sami68,57
Arafat69,42
Karim270,65
Hasan71,35
Adnan72,28
Tanvir273,60
Shuvo74,35
Ayan75,52
Borna276,20
Imran277,56
Rakib78,24
Farhan279,33
Noman280,23
Jubayer81,46
Karim282,56
Labib283,32
Rahim84,64
Rafi285,70
Lamia286,67
Shuvo87,28
Riyad288,37
Mahi289,65
Mahi290,54
Priti291,39
Esha292,30
Jubayer93,39
Mim294,30
Zubair95,67
Nabil296,23
Ritu97,47
Mim98,38
Faria299,53
